form,page,ipAddress,lead,nombre,email,nmerodeasistentes
2,2,1,1,Penny,PennyKMoore@dayrep.com,1
2,2,2,2,Henry,HenryLCatalano@einrot.com,3
2,2,3,3,Stephanie,StephanieMCone@teleworm.us,2
2,2,4,4,Andrew,AndrewVFlanagan@dayrep.com,5
2,2,5,5,Daniel,DanielAWright@dayrep.com,1
2,2,6,6,Jose,JoseMPatton@jourrapide.com,1
2,2,7,7,Jean,JeanGCross@armyspy.com,1
2,2,8,8,Kevin,KevinBKennedy@gustr.com,1
2,2,9,9,Leonard,LeonardMSinclair@teleworm.us,1
2,2,10,10,Bruce,BruceMCampbell@einrot.com,1
2,2,11,11,Guadalupe,GuadalupeHStrauss@teleworm.us,5
2,2,12,12,Pamela,PamelaSWise@gustr.com,7
2,2,13,13,Margaret,MargaretDMaguire@cuvox.de,2
2,2,14,14,Regina,ReginaBDolph@teleworm.us,3
2,2,15,15,Paula,PaulaWHill@dayrep.com,4
2,2,16,16,Jimmy,JimmyCSanchez@dayrep.com,1
2,2,17,17,Mildred,MildredARodriguez@rhyta.com,3
2,2,18,18,Kyung,KyungBBrittain@dayrep.com,1
2,2,19,19,Willie,WillieJPerez@jourrapide.com,2
2,2,20,20,Marvin,MarvinPPatterson@jourrapide.com,1
2,2,21,21,Rosemary,RosemaryKSalinas@superrito.com,3
2,2,22,22,Paul,PaulDWilson@superrito.com,1
2,2,23,23,Roxie,RoxieLShaw@fleckens.hu,3
2,2,24,24,Angie,AngieHRobles@einrot.com,2
2,2,25,25,Charlotte,CharlotteAFender@einrot.com,5
2,2,26,26,Lashawnda,LashawndaDJoseph@gustr.com,1
2,2,27,27,Helen,HelenPManley@dayrep.com,1
2,2,28,28,Annie,AnnieARicharson@armyspy.com,1
2,2,29,29,Mary,MaryWNevarez@armyspy.com,1
2,2,30,30,David,DavidEFahy@dayrep.com,1
2,2,31,31,Aaron,AaronMGuild@rhyta.com,1
2,2,32,32,Lee,LeeACole@fleckens.hu,5
2,2,33,33,Matthew,MatthewSDell@armyspy.com,7
2,2,34,34,Raquel,RaquelTOSullivan@gustr.com,2
2,2,35,35,Debra,DebraCShackelford@dayrep.com,3
2,2,36,36,Marcia,MarciaBHibbard@fleckens.hu,4
2,2,37,37,Thomas,ThomasJDomingue@armyspy.com,1
2,2,38,38,Jeremy,JeremyJNewell@fleckens.hu,3
2,2,39,39,Justin,JustinRWaller@cuvox.de,1
2,2,40,40,Brenda,BrendaWBolton@dayrep.com,2
2,2,41,41,Renee,ReneeTSmith@teleworm.us,1
2,2,42,42,David,DavidECook@dayrep.com,3
2,2,43,43,June,JuneLBond@superrito.com,1
2,2,44,44,James,JamesTDuffy@armyspy.com,3
2,2,45,45,Jonathan,JonathanJLane@jourrapide.com,2
2,2,46,46,Peter,PeterJHoward@armyspy.com,5
2,2,47,47,Irene,IreneGMartin@cuvox.de,1
2,2,48,48,David,DavidLJameson@einrot.com,1
2,2,49,49,Lewis,LewisTSyed@gustr.com,1
2,2,50,50,Nellie,NellieABaird@armyspy.com,1